{
  "interactionModel": {
    "languageModel": {
      "invocationName": "my guidepoint skill",
      "intents": [
        {
          "name": "AMAZON.NavigateHomeIntent",
          "samples": []
        },
        {
          "name": "AMAZON.CancelIntent",
          "samples": []
        },
        {
          "name": "AMAZON.HelpIntent",
          "samples": []
        },
        {
          "name": "AMAZON.StopIntent",
          "samples": []
        },
        {
          "name": "GetRemoteDataIntent",
          "slots": [],
          "samples": [
            "how many people are in space",
            "how many people are in space now",
            "how many people are currently in space",
            "how many humans are in space",
            "how many humans are in space now",
            "how many humans are currently in space",
            "how many astronauts are in space",
            "how many astronauts are in space now",
            "how many astronauts are currently in space"
          ]
        }
      ],
      "types": []
    }
  },
  "version": "4"
}